Roepnaam;Achternaam;E-mail;Leeftijdscategorie;Lidsoorten vereniging
John 84;Doe;john.doe84@hetnet.nl;Masters Vrouwen;Vrienden van Groene Ster - Recreatief - Week
John 85;Doe;john.doe85@hccnet.nl;Masters Mannen;Overigen - Recreatief - Week
John 86;Doe;john.doe86@gmail.com;Senioren Mannen;Overigen - Recreatief - Week
John 87;Doe;john.doe87@kpnmail.nl;Masters Mannen;Overigen - Recreatief - Week
John 88;Doe;john.doe88@hotmail.com;Senioren Vrouwen;Senioren Groene Ster - Atletiek - Week
John 89;Doe;john.doe89@planet.nl;Masters Mannen;Overigen - Recreatief - Week
John 90;Doe;john.doe90@gmail.com;Senioren Vrouwen;Senioren Groene Ster - Atletiek - Week
John 91;Doe;john.doe91@ziggo.nl;Masters Mannen;Lopers met wedstrijd licentie - recreatief - Week
John 92;Doe;john.doe92@home.nl;Masters Mannen;Recreanten - recreatief - Week
John 93;Doe;john.doe93@home.nl;Masters Mannen;Lopers met wedstrijd licentie - recreatief - Week
John 94;Doe;john.doe94@kpnmail.nl;Masters Vrouwen;Lopers zonder wedstrijdlicentie - Recreatief - Week
John 95;Doe;john.doe95@hotmail.com;Masters Vrouwen;Nordic Walking - recreatief - Week
John 96;Doe;john.doe96@outlook.com;Masters Mannen;Nordic Walking - recreatief - Week
John 97;Doe;john.doe97@outlook.com;Masters Vrouwen;Nordic Walking - recreatief - Week
John 98;Doe;john.doe98@gmail.com;Masters Mannen;Lopers zonder wedstrijdlicentie - Recreatief - Week
John 99;Doe;john.doe99@home.nl;Junior D Jongens;
John 100;Doe;john.doe100@somewebsite.nl;Junior D Jongens;
John 101;Doe;john.doe101@ziggo.nl;Masters Vrouwen;Senioren Groene Ster - Atletiek - Week
John 102;Doe;john.doe102@somewebsite.nl;Junior D Jongens;
John 88;Doe;john.doe88@hotmail.com;Masters Mannen;Recreanten - recreatief - Week
John 104;Doe;john.doe104@ziggo.nl;Pupil A Meisjes;
John 88;Doe;john.doe88@hotmail.com;Junior C Meisjes;
John 106;Doe;john.doe106@gmail.com;Masters Mannen;Lopers zonder wedstrijdlicentie - Recreatief - Week
John 107;Doe;john.doe107@icloud.com;Junior C Jongens;
John 108;Doe;john.doe108@hotmail.com;Senioren Mannen;Senioren Groene Ster - Atletiek - Week
John 109;Doe;john.doe109@ziggo.nl;Junior C Meisjes;
John 110;Doe;john.doe110@home.nl;Masters Mannen;Lopers met wedstrijd licentie - recreatief - Week
John 111;Doe;john.doe111@home.nl;Junior B Meisjes;
John 112;Doe;john.doe112@wanadoo.nl;Masters Vrouwen;Lopers zonder wedstrijdlicentie - Recreatief - Week
John 113;Doe;john.doe113@ziggo.nl;Masters Mannen;Lopers zonder wedstrijdlicentie - Recreatief - Week
John 114;Doe;john.doe114@ziggo.nl;Junior D Meisjes;
John 115;Doe;john.doe115@ziggo.nl;Junior D Meisjes;
John 116;Doe;john.doe116@ziggo.nl;Masters Mannen;Lopers zonder wedstrijdlicentie - Recreatief - Week
John 117;Doe;john.doe117@hotmail.com;Masters Mannen;Overigen - Recreatief - Week
John 118;Doe;john.doe118@hccnet.nl;Senioren Mannen;
John 119;Doe;john.doe119@hccnet.nl;Masters Mannen;Lopers zonder wedstrijdlicentie - Recreatief - Week
John 120;Doe;john.doe120@hotmail.com;Senioren Mannen;Senioren Groene Ster - Atletiek - Week
John 121;Doe;john.doe121@hotmail.com;Senioren Mannen;Lopers met wedstrijd licentie - recreatief - Week
John 122;Doe;john.doe122@telfort.nl;Masters Vrouwen;Vrienden van Groene Ster - Recreatief - Week
John 123;Doe;john.doe123@gmail.com;Masters Mannen;Lopers zonder wedstrijdlicentie - Recreatief - Week
John 124;Doe;john.doe124@gmail.com;Masters Vrouwen;Lopers zonder wedstrijdlicentie - Recreatief - Week
John 125;Doe;john.doe125@planet.nl;Masters Mannen;Lopers zonder wedstrijdlicentie - Recreatief - Week
John 126;Doe;john.doe126@ziggo.nl;Junior B Meisjes;
John 127;Doe;john.doe127@live.nl;Masters Vrouwen;Lopers zonder wedstrijdlicentie - Recreatief - Week
John 128;Doe;john.doe128@gmail.com;Masters Vrouwen;Lopers zonder wedstrijdlicentie - Recreatief - Week
John 129;Doe;john.doe129@home.nl;Masters Vrouwen;Lopers zonder wedstrijdlicentie - Recreatief - Week
John 130;Doe;john.doe130@outlook.com;Pupil B Jongens;
John 131;Doe;john.doe131@home.nl;Masters Mannen;Lopers zonder wedstrijdlicentie - Recreatief - Week
John 132;Doe;john.doe132@hotmail.com;Senioren Vrouwen;Senioren Groene Ster - Atletiek - Week
John 133;Doe;john.doe133@hotmail.com;Pupil A Meisjes;
John 134;Doe;john.doe134@somewebsite.nl;Pupil B Jongens;
John 135;Doe;john.doe135@somewebsite.nl;Pupil A Jongens;
John 136;Doe;john.doe136@yahoo.com;Masters Vrouwen;Lopers zonder wedstrijdlicentie - Recreatief - Week
John 137;Doe;john.doe137@yahoo.com;Pupil A Jongens;
John 138;Doe;john.doe138@planet.nl;Masters Mannen;Senioren Groene Ster - Atletiek - Week
John 139;Doe;john.doe139@kpnmail.nl;Masters Vrouwen;Overigen - Recreatief - Week
John 140;Doe;john.doe140@ziggo.nl;Senioren Mannen;Senioren Groene Ster - Atletiek - Week
John 141;Doe;john.doe141@hotmail.com;Pupil A Meisjes;
John 88;Doe;john.doe88@hotmail.com;Pupil A Meisjes;
John 143;Doe;john.doe143@yahoo.com;Masters Vrouwen;Lopers zonder wedstrijdlicentie - Recreatief - Week
John 144;Doe;john.doe144@hotmail.com;Masters Vrouwen;Lopers zonder wedstrijdlicentie - Recreatief - Week
John 145;Doe;john.doe145@kpnplanet.nl;Pupil A Meisjes;
John 146;Doe;john.doe146@hotmail.com;Masters Mannen;Vrienden van Groene Ster - Recreatief - Week
John 147;Doe;john.doe147@gmail.com;Masters Mannen;Lopers zonder wedstrijdlicentie - Recreatief - Week
John 148;Doe;john.doe148@gmail.com;Senioren Mannen;Lopers zonder wedstrijdlicentie - Recreatief - Week
John 149;Doe;john.doe149@home.nl;Junior C Jongens;
John 150;Doe;john.doe150@gmail.com;Masters Vrouwen;
John 151;Doe;john.doe151@online.nl;Masters Mannen;Lopers zonder wedstrijdlicentie - Recreatief - Week
John 152;Doe;john.doe152@live.nl;Senioren Mannen;Senioren Groene Ster - Atletiek - Week
John 153;Doe;john.doe153@ziggo.nl;Masters Vrouwen;Lopers zonder wedstrijdlicentie - Recreatief - Week
John 154;Doe;john.doe154@planet.nl;;
John 155;Doe;john.doe155@planet.nl;Masters Mannen;Lopers zonder wedstrijdlicentie - Recreatief - Week
John 156;Doe;john.doe156@planet.nl;Masters Mannen;Senioren Groene Ster - Atletiek - Week
John 157;Doe;john.doe157@planet.nl;Masters Vrouwen;Lopers zonder wedstrijdlicentie - Recreatief - Week
John 158;Doe;john.doe158@hotmail.com;Senioren Vrouwen;Senioren Groene Ster - Atletiek - Week
John 159;Doe;john.doe159@hotmail.com;Pupil C Meisjes;
John 160;Doe;john.doe160@hetnet.nl;Masters Mannen;Lopers zonder wedstrijdlicentie - Recreatief - Week
John 161;Doe;john.doe161@hetnet.nl;Masters Vrouwen;Overigen - Recreatief - Week
John 162;Doe;john.doe162@gmail.com;Masters Mannen;Lopers zonder wedstrijdlicentie - Recreatief - Week
John 163;Doe;john.doe163@gmail.com;Masters Mannen;Lopers zonder wedstrijdlicentie - Recreatief - Week
John 164;Doe;john.doe164@somewebsite.nl;Pupil B Meisjes;
John 165;Doe;john.doe165@live.nl;Masters Vrouwen;Lopers zonder wedstrijdlicentie - Recreatief - Week
John 166;Doe;john.doe166@yahoo.com;Masters Mannen;Lopers zonder wedstrijdlicentie - Recreatief - Week
John 167;Doe;john.doe167@xs4all.nl;Masters Mannen;Lopers zonder wedstrijdlicentie - Recreatief - Week
John 168;Doe;john.doe168@online.nl;Masters Mannen;Nordic Walking - recreatief - Week
John 169;Doe;john.doe169@home.nl;Masters Vrouwen;Nordic Walking - recreatief - Week
John 170;Doe;john.doe170@planet.nl;Masters Mannen;Lopers zonder wedstrijdlicentie - Recreatief - Week
John 171;Doe;john.doe171@xs4all.nl;Masters Mannen;Overigen - Recreatief - Week
John 172;Doe;john.doe172@xs4all.nl;Masters Vrouwen;Overigen - Recreatief - Week
John 173;Doe;john.doe173@xs4all.nl;Masters Mannen;Vrienden van Groene Ster - Recreatief - Week
John 174;Doe;john.doe174@xs4all.nl;;
John 175;Doe;john.doe175@hotmail.com;Senioren Vrouwen;Senioren Groene Ster - Atletiek - Week
John 176;Doe;john.doe176@ziggo.nl;Masters Vrouwen;Vrienden van Groene Ster - Recreatief - Week
John 177;Doe;john.doe177@ziggo.nl;Masters Mannen;Overigen - Recreatief - Week
John 178;Doe;john.doe178@home.nl;Senioren Mannen;Senioren Groene Ster - Atletiek - Week
John 179;Doe;john.doe179@wanadoo.nl;Masters Vrouwen;Lopers zonder wedstrijdlicentie - Recreatief - Week
John 88;Doe;john.doe88@gmail.com;Junior B Jongens;
John 181;Doe;john.doe181@home.nl;Masters Vrouwen;Nordic Walking - recreatief - Week
John 182;Doe;john.doe182@hotmail.com;Masters Vrouwen;Lopers zonder wedstrijdlicentie - Recreatief - Week
John 183;Doe;john.doe183@gmail.com;Senioren Mannen;Senioren Groene Ster - Atletiek - Week
John 184;Doe;john.doe184@gmail.com;Junior D Jongens;
John 185;Doe;john.doe185@hotmail.com;Masters Mannen;Lopers met wedstrijd licentie - recreatief - Week
John 186;Doe;john.doe186@hetnet.nl;Masters Mannen;Lopers zonder wedstrijdlicentie - Recreatief - Week
John 187;Doe;john.doe187@live.nl;Mini pupil Meisjes;Klatjes - Recreatief - Week
John 188;Doe;john.doe188@ziggo.nl;Masters Vrouwen;Lopers zonder wedstrijdlicentie - Recreatief - Week
John 189;Doe;john.doe189@home.nl;Masters Vrouwen;
John 190;Doe;john.doe190@hetnet.nl;Masters Mannen;Overigen - Recreatief - Week
John 191;Doe;john.doe191@hetnet.nl;Masters Vrouwen;Overigen - Recreatief - Week
John 192;Doe;john.doe192@ziggo.nl;Masters Mannen;Lopers zonder wedstrijdlicentie - Recreatief - Week
John 193;Doe;john.doe193@hotmail.com;Senioren Vrouwen;Senioren Groene Ster - Atletiek - Week
John 194;Doe;john.doe194@gmail.com;Junior C Jongens;
John 195;Doe;john.doe195@gmail.com;Masters Mannen;Lopers zonder wedstrijdlicentie - Recreatief - Week
John 196;Doe;john.doe196@hotmail.com;Pupil C Meisjes;
John 197;Doe;john.doe197@hotmail.com;Pupil A Meisjes;
John 198;Doe;john.doe198@kpnplanet.nl;Junior D Jongens;
John 199;Doe;john.doe199@kpnplanet.nl;Pupil A Meisjes;
John 200;Doe;john.doe200@kpnplanet.nl;Masters Mannen;Vrienden van Groene Ster - Recreatief - Week
John 201;Doe;john.doe201@hotmail.com;Pupil C Jongens;
John 202;Doe;john.doe202@hotmail.com;Mini pupil Jongens;
John 203;Doe;john.doe203@hotmail.com;Junior D Meisjes;
John 204;Doe;john.doe204@hotmail.com;Masters Mannen;Lopers zonder wedstrijdlicentie - Recreatief - Week
John 205;Doe;john.doe205@home.nl;Pupil A Meisjes;
John 206;Doe;john.doe206@kpnmail.nl;Masters Vrouwen;Lopers zonder wedstrijdlicentie - Recreatief - Week
John 207;Doe;john.doe207@msn.com;Pupil B Meisjes;
John 208;Doe;john.doe208@gmail.com;Junior D Meisjes;
John 209;Doe;john.doe209@gmail.com;Junior A Meisjes;
John 210;Doe;john.doe210@ziggo.nl;Junior D Meisjes;
John 211;Doe;john.doe211@gmail.com;Masters Vrouwen;Overigen - Recreatief - Week
John 212;Doe;john.doe212@me.com;Masters Vrouwen;Lopers zonder wedstrijdlicentie - Recreatief - Week
John 213;Doe;john.doe213@somewebsite.com;Masters Mannen;Lopers zonder wedstrijdlicentie - Recreatief - Week
John 214;Doe;john.doe214@outlook.com;Masters Mannen;Overigen - Recreatief - Week
John 215;Doe;john.doe215@outlook.com;Masters Vrouwen;Overigen - Recreatief - Week
John 216;Doe;john.doe216@versatel.nl;Masters Vrouwen;Nordic Walking - recreatief - Week
John 217;Doe;john.doe217@kpnplanet.nl;Masters Vrouwen;Overigen - Recreatief - Week
John 218;Doe;john.doe218@hotmail.com;Senioren Vrouwen;Gastlid - Atletiek - Week
John 219;Doe;john.doe219@gmail.com;Junior B Jongens;
John 220;Doe;john.doe220@somewebsite.nl;Masters Mannen;Overigen - Recreatief - Week
John 221;Doe;john.doe221@gmail.com;Mini pupil Meisjes;Klatjes - Recreatief - Week
John 222;Doe;john.doe222@gmail.com;Mini pupil Jongens;
John 223;Doe;john.doe223@somewebsite.nl;Masters Vrouwen;Lopers zonder wedstrijdlicentie - Recreatief - Week
John 223;Doe;john.doe223@somewebsite.nl;Mini pupil Jongens;Klatjes - Recreatief - Week
John 225;Doe;john.doe225@home.nl;Junior B Jongens;
John 226;Doe;john.doe226@kpnmail.nl;Masters Mannen;Nordic Walking - recreatief - Week
John 227;Doe;john.doe227@home.nl;Pupil B Jongens;
John 228;Doe;john.doe228@gmail.com;Junior D Meisjes;
John 229;Doe;john.doe229@hetnet.nl;Masters Vrouwen;Lopers zonder wedstrijdlicentie - Recreatief - Week
John 230;Doe;john.doe230@kpnmail.nl;Masters Mannen;Recreanten - recreatief - Week
John 231;Doe;john.doe231@somewebsite.nl;Masters Mannen;Senioren Groene Ster - Atletiek - Week
John 232;Doe;john.doe232@somewebsite.eu;Masters Vrouwen;Lopers zonder wedstrijdlicentie - Recreatief - Week
John 233;Doe;john.doe233@hotmail.com;Masters Vrouwen;Nordic Walking - recreatief - Week
John 234;Doe;john.doe234@hotmail.com;Pupil C Jongens;
John 235;Doe;john.doe235@gmail.com;Junior C Jongens;
John 236;Doe;john.doe236@hetnet.nl;Masters Mannen;Overigen - Recreatief - Week
John 237;Doe;john.doe237@gmail.com;Mini pupil Jongens;
John 238;Doe;john.doe238@planet.nl;Masters Mannen;Lopers zonder wedstrijdlicentie - Recreatief - Week
John 239;Doe;john.doe239@home.nl;Junior D Jongens;
John 240;Doe;john.doe240@home.nl;Pupil B Meisjes;
John 241;Doe;john.doe241@home.nl;Mini pupil Jongens;Klatjes - Recreatief - Week
John 242;Doe;john.doe242@gmail.com;Junior D Jongens;
John 243;Doe;john.doe243@gmail.com;Pupil A Meisjes;
John 244;Doe;john.doe244@somewebsite.biz;Masters Mannen;Lopers zonder wedstrijdlicentie - Recreatief - Week
John 245;Doe;john.doe245@hotmail.com;Masters Vrouwen;Recreanten - recreatief - Week
John 246;Doe;john.doe246@hotmail.com;Junior D Jongens;
John 247;Doe;john.doe247@hotmail.com;Junior C Jongens;
John 248;Doe;john.doe248@home.nl;Junior D Jongens;
John 249;Doe;john.doe249@home.nl;Masters Mannen;Lopers zonder wedstrijdlicentie - Recreatief - Week
John 250;Doe;john.doe250@ziggo.nl;Junior B Jongens;
John 251;Doe;john.doe251@ziggo.nl;Junior A Jongens;
John 252;Doe;john.doe252@gmail.com;Senioren Mannen;Vrienden van Groene Ster - Recreatief - Week
John 253;Doe;john.doe253@hotmail.com;Pupil B Meisjes;
John 254;Doe;john.doe254@hotmail.com;Mini pupil Meisjes;Klatjes - Recreatief - Week
John 255;Doe;john.doe255@hotmail.com;Pupil B Meisjes;
John 256;Doe;john.doe256@hotmail.com;Mini pupil Meisjes;Klatjes - Recreatief - Week
John 257;Doe;john.doe257@planet.nl;Masters Mannen;Overigen - Recreatief - Week
John 258;Doe;john.doe258@ziggo.nl;Masters Mannen;Recreanten - recreatief - Week
John 259;Doe;john.doe259@ziggo.nl;Masters Mannen;Vrienden van Groene Ster - Recreatief - Week
John 260;Doe;john.doe260@gmail.com;Junior D Meisjes;
John 261;Doe;john.doe261@gmail.com;Junior C Meisjes;
John 262;Doe;john.doe262@gmail.com;Masters Mannen;Lopers zonder wedstrijdlicentie - Recreatief - Week
John 263;Doe;john.doe263@hotmail.com;Pupil C Meisjes;
John 264;Doe;john.doe264@home.nl;Pupil B Jongens;
John 265;Doe;john.doe265@home.nl;Masters Mannen;Lopers zonder wedstrijdlicentie - Recreatief - Week
John 266;Doe;john.doe266@home.nl;Pupil C Meisjes;Klatjes - Recreatief - Week
John 267;Doe;john.doe267@home.nl;Masters Vrouwen;Lopers zonder wedstrijdlicentie - Recreatief - Week
John 268;Doe;john.doe268@hotmail.com;Masters Vrouwen;Lopers zonder wedstrijdlicentie - Recreatief - Week
John 269;Doe;john.doe269@hotmail.com;Masters Mannen;Vrienden van Groene Ster - Recreatief - Week
John 270;Doe;john.doe270@hotmail.com;Senioren Vrouwen;Senioren Groene Ster - Atletiek - Week
John 271;Doe;john.doe271@gmail.com;Masters Vrouwen;Lopers zonder wedstrijdlicentie - Recreatief - Week
John 272;Doe;john.doe272@home.nl;Masters Mannen;Lopers zonder wedstrijdlicentie - Recreatief - Week
John 273;Doe;john.doe273@home.nl;Junior A Meisjes;
John 274;Doe;john.doe274@ziggo.nl;Junior C Meisjes;
John 275;Doe;john.doe275@ziggo.nl;Junior A Jongens;
John 276;Doe;john.doe276@hccnet.nl;Masters Mannen;Lopers zonder wedstrijdlicentie - Recreatief - Week
John 277;Doe;john.doe277@ziggo.nl;Masters Vrouwen;Lopers zonder wedstrijdlicentie - Recreatief - Week
John 278;Doe;john.doe278@ziggo.nl;Masters Mannen;Lopers zonder wedstrijdlicentie - Recreatief - Week
John 279;Doe;john.doe279@gmail.com;Junior C Meisjes;
John 280;Doe;john.doe280@gmail.com;Masters Vrouwen;Lopers zonder wedstrijdlicentie - Recreatief - Week
John 281;Doe;john.doe281@hotmail.com;Masters Vrouwen;Lopers zonder wedstrijdlicentie - Recreatief - Week
John 282;Doe;john.doe282@home.nl;Masters Mannen;Lopers zonder wedstrijdlicentie - Recreatief - Week
John 283;Doe;john.doe283@ziggo.nl;Masters Vrouwen;Lopers zonder wedstrijdlicentie - Recreatief - Week
John 284;Doe;john.doe284@yahoo.com.sg;Pupil B Jongens;
John 285;Doe;john.doe285@yahoo.com;Masters Vrouwen;Vrienden van Groene Ster - Recreatief - Week
John 286;Doe;john.doe286@yahoo.com.sg;Junior D Jongens;
John 287;Doe;john.doe287@hotmail.com;Pupil C Jongens;
John 288;Doe;john.doe288@hotmail.com;Pupil A Meisjes;
John 289;Doe;john.doe289@gmail.com;Masters Mannen;Lopers zonder wedstrijdlicentie - Recreatief - Week, Recreanten - recreatief - Week
John 290;Doe;john.doe290@gmail.com;Masters Vrouwen;Overigen - Recreatief - Week
John 291;Doe;john.doe291@xs4all.nl;Pupil A Meisjes;
John 292;Doe;john.doe292@xs4all.nl;Masters Mannen;Senioren Groene Ster - Atletiek - Week
John 293;Doe;john.doe293@xs4all.nl;Masters Vrouwen;Vrienden van Groene Ster - Recreatief - Week
John 294;Doe;john.doe294@xs4all.nl;Pupil C Meisjes;Klatjes - Recreatief - Week
John 295;Doe;john.doe295@xs4all.nl;Mini pupil Jongens;Klatjes - Recreatief - Week
John 296;Doe;john.doe296@home.nl;Pupil A Meisjes;
John 297;Doe;john.doe297@hotmail.com;Junior D Jongens;
John 298;Doe;john.doe298@hotmail.com;Pupil A Jongens;
John 299;Doe;john.doe299@hotmail.com;Masters Mannen;Lopers zonder wedstrijdlicentie - Recreatief - Week
John 300;Doe;john.doe300@hetnet.nl;Masters Mannen;Lopers zonder wedstrijdlicentie - Recreatief - Week
John 301;Doe;john.doe301@ziggo.nl;Masters Mannen;Lopers zonder wedstrijdlicentie - Recreatief - Week
John 302;Doe;john.doe302@gmail.com;Junior B Meisjes;
John 303;Doe;john.doe303@live.nl;Pupil A Jongens;
John 304;Doe;john.doe304@zonnet.nl;Masters Vrouwen;Lopers zonder wedstrijdlicentie - Recreatief - Week
John 305;Doe;john.doe305@gmail.com;Senioren Vrouwen;Lopers zonder wedstrijdlicentie - Recreatief - Week
John 306;Doe;john.doe306@hetnet.nl;Masters Mannen;Lopers zonder wedstrijdlicentie - Recreatief - Week
John 307;Doe;john.doe307@hetnet.nl;Junior B Meisjes;
John 308;Doe;john.doe308@ziggo.nl;Junior D Meisjes;
John 309;Doe;john.doe309@ziggo.nl;Masters Vrouwen;Vrienden van Groene Ster - Recreatief - Week
John 310;Doe;john.doe310@ziggo.nl;Pupil B Meisjes;
John 311;Doe;john.doe311@home.nl;Masters Vrouwen;Lopers zonder wedstrijdlicentie - Recreatief - Week
John 312;Doe;john.doe312@home.nl;Pupil B Jongens;
John 313;Doe;john.doe313@somewebsite.nl;Junior D Jongens;
John 314;Doe;john.doe314@kpnmail.nl;Masters Mannen;Lopers met wedstrijd licentie - recreatief - Week
John 315;Doe;john.doe315@live.com;Junior D Jongens;
John 316;Doe;john.doe316@hotmail.com;Senioren Vrouwen;Senioren Groene Ster - Atletiek - Week
John 317;Doe;john.doe317@planet.nl;Junior D Meisjes;
John 318;Doe;john.doe318@planet.nl;Masters Mannen;Senioren Groene Ster - Atletiek - Week
John 319;Doe;john.doe319@planet.nl;Junior C Jongens;
John 320;Doe;john.doe320@planet.nl;Pupil A Jongens;
John 321;Doe;john.doe321@hotmail.com;Masters Mannen;Senioren Groene Ster - Atletiek - Week
John 322;Doe;john.doe322@live.nl;Junior A Meisjes;
John 323;Doe;john.doe323@hotmail.com;Senioren Vrouwen;
John 1;Doe;john.doe1@live.nl;Masters Vrouwen;Vrienden van Groene Ster - Recreatief - Week
John 2;Doe;john.doe2@gmail.com;Pupil A Jongens;
John 3;Doe;john.doe3@xs4all.nl;Masters Vrouwen;Recreanten - recreatief - Week, Senioren Groene Ster - Atletiek - Week
John 4;Doe;john.doe4@hetnet.nl;Masters Vrouwen;Lopers zonder wedstrijdlicentie - Recreatief - Week
John 5;Doe;john.doe5@gmail.com;Pupil A Meisjes;
John 6;Doe;john.doe6@gmail.com;Pupil A Jongens;
John 7;Doe;john.doe7@somewebsite.nl;Masters Mannen;Lopers zonder wedstrijdlicentie - Recreatief - Week
John 8;Doe;john.doe8@somewebsite.com;Masters Mannen;Nordic Walking - recreatief - Week
John 9;Doe;john.doe9@ziggo.nl;Junior C Jongens;
John 10;Doe;john.doe10@ziggo.nl;Junior D Jongens;
John 11;Doe;john.doe11@live.nl;Masters Vrouwen;Lopers zonder wedstrijdlicentie - Recreatief - Week
John 12;Doe;john.doe12@ziggo.nl;Masters Vrouwen;Lopers zonder wedstrijdlicentie - Recreatief - Week
John 13;Doe;john.doe13@online.nl;Masters Mannen;Recreanten - recreatief - Week
John 14;Doe;john.doe14@kpnmail.nl;Masters Mannen;Lopers zonder wedstrijdlicentie - Recreatief - Week
John 15;Doe;john.doe15@gmail.com;Masters Vrouwen;Lopers zonder wedstrijdlicentie - Recreatief - Week
John 16;Doe;john.doe16@gmail.com;Masters Mannen;Senioren Groene Ster - Atletiek - Week
John 17;Doe;john.doe17@gmail.com;Senioren Mannen;Senioren Groene Ster - Atletiek - Week
John 18;Doe;john.doe18@somewebsite.eu;Masters Mannen;Lopers zonder wedstrijdlicentie - Recreatief - Week
John 19;Doe;john.doe19@ziggo.nl;Junior D Meisjes;
John 20;Doe;john.doe20@planet.nl;Junior D Jongens;
John 21;Doe;john.doe21@gmail.com;Mini pupil Meisjes;Klatjes - Recreatief - Week
John 22;Doe;john.doe22@somewebsite.eu;Pupil A Meisjes;
John 23;Doe;john.doe23@hotmail.com;Masters Vrouwen;Overigen - Recreatief - Week
John 24;Doe;john.doe24@live.nl;Masters Mannen;Recreanten - recreatief - Week
John 25;Doe;john.doe25@live.nl;Masters Vrouwen;Recreanten - recreatief - Week
John 26;Doe;john.doe26@somewebsite.net;Pupil C Meisjes;Klatjes - Recreatief - Week
John 27;Doe;john.doe27@gmail.com;Masters Vrouwen;Lopers zonder wedstrijdlicentie - Recreatief - Week
John 28;Doe;john.doe28@hotmail.com;Pupil C Meisjes;
John 29;Doe;john.doe29@hotmail.com;Mini pupil Meisjes;
John 30;Doe;john.doe30@ziggo.nl;Masters Vrouwen;Lopers zonder wedstrijdlicentie - Recreatief - Week
John 31;Doe;john.doe31@xs4all.nl;Junior D Jongens;
John 32;Doe;john.doe32@home.nl;Masters Mannen;Recreanten - recreatief - Week
John 33;Doe;john.doe33@gmail.com;Masters Mannen;Nordic Walking - recreatief - Week
John 34;Doe;john.doe34@hotmail.com;Masters Vrouwen;Lopers zonder wedstrijdlicentie - Recreatief - Week
John 35;Doe;john.doe35@gmail.com;Masters Vrouwen;Lopers zonder wedstrijdlicentie - Recreatief - Week
John 36;Doe;john.doe36@hotmail.com;Pupil B Jongens;
John 37;Doe;john.doe37@hotmail.com;Pupil C Meisjes;Klatjes - Recreatief - Week
John 38;Doe;john.doe38@hotmail.com;Mini pupil Jongens;Klatjes - Recreatief - Week
John 39;Doe;john.doe39@hotmail.com;Junior C Meisjes;
John 40;Doe;john.doe40@home.nl;Masters Mannen;Lopers zonder wedstrijdlicentie - Recreatief - Week
John 41;Doe;john.doe41@ziggo.nl;Masters Mannen;Lopers zonder wedstrijdlicentie - Recreatief - Week
John 42;Doe;john.doe42@somewebsite.nl;Pupil A Jongens;
John 43;Doe;john.doe43@live.nl;Masters Vrouwen;Lopers zonder wedstrijdlicentie - Recreatief - Week
John 44;Doe;john.doe44@ziggo.nl;Pupil C Jongens;Klatjes - Recreatief - Week
John 45;Doe;john.doe45@hccnet.nl;Masters Mannen;Lopers zonder wedstrijdlicentie - Recreatief - Week
John 46;Doe;john.doe46@hetnet.nl;Pupil C Jongens;
John 47;Doe;john.doe47@planet.nl;Masters Mannen;Lopers zonder wedstrijdlicentie - Recreatief - Week
John 48;Doe;john.doe48@ziggo.nl;Junior D Meisjes;
John 49;Doe;john.doe49@gmail.com;Masters Vrouwen;Lopers zonder wedstrijdlicentie - Recreatief - Week
John 50;Doe;john.doe50@kpnplanet.nl;Junior B Jongens;
John 51;Doe;john.doe51@kpnplanet.nl;Junior C Meisjes;
John 52;Doe;john.doe52@hotmail.com;Masters Vrouwen;Lopers zonder wedstrijdlicentie - Recreatief - Week
John 53;Doe;john.doe53@hotmail.com;Senioren Vrouwen;Senioren Groene Ster - Atletiek - Week
John 54;Doe;john.doe54@gmail.com;Masters Mannen;Lopers zonder wedstrijdlicentie - Recreatief - Week
John 55;Doe;john.doe55@gmail.com;Junior D Meisjes;
John 56;Doe;john.doe56@gmail.com;Pupil A Meisjes;
John 57;Doe;john.doe57@gmail.com;Mini pupil Jongens;Klatjes - Recreatief - Week
John 58;Doe;john.doe58@gmail.com;Pupil C Jongens;Klatjes - Recreatief - Week
John 59;Doe;john.doe59@hotmail.com;Mini pupil Meisjes;Klatjes - Recreatief - Week
John 60;Doe;john.doe60@hotmail.com;Mini pupil Jongens;
John 61;Doe;john.doe61@planet.nl;Masters Vrouwen;Lopers met wedstrijd licentie - recreatief - Week
John 62;Doe;john.doe62@outlook.com;Masters Vrouwen;Senioren Groene Ster - Atletiek - Week
John 63;Doe;john.doe63@hotmail.com;Junior A Meisjes;
John 64;Doe;john.doe64@hetnet.nl;Junior D Jongens;
John 65;Doe;john.doe65@gmail.com;Pupil C Jongens;
John 66;Doe;john.doe66@planet.nl;Masters Mannen;Lopers zonder wedstrijdlicentie - Recreatief - Week
John 67;Doe;john.doe67@somewebsite.de;Masters Mannen;Lopers zonder wedstrijdlicentie - Recreatief - Week
John 68;Doe;john.doe68@somewebsite.nl;Masters Mannen;Recreanten - recreatief - Week
John 69;Doe;john.doe69@ziggo.nl;Junior C Meisjes;
John 70;Doe;john.doe70@hotmail.com;Masters Vrouwen;Vrienden van Groene Ster - Recreatief - Week
John 71;Doe;john.doe71@somewebsite.nl;Masters Vrouwen;Lopers zonder wedstrijdlicentie - Recreatief - Week
John 72;Doe;john.doe72@planet.nl;Masters Mannen;Lopers met wedstrijd licentie - recreatief - Week
John 73;Doe;john.doe73@somewebsite.nl;Masters Vrouwen;Recreanten - recreatief - Week
John 73;Doe;john.doe73@somewebsite.nl;Senioren Vrouwen;
John 75;Doe;john.doe75@somewebsite.nl;Masters Mannen;Vrienden van Groene Ster - Recreatief - Week
John 76;Doe;john.doe76@gmail.com;Mini pupil Jongens;
John 77;Doe;john.doe77@gmail.com;Junior B Meisjes;
John 78;Doe;john.doe78@gmail.com;Junior C Jongens;
John 79;Doe;john.doe79@kpnplanet.nl;Junior C Meisjes;
John 80;Doe;john.doe80@kpnplanet.nl;Junior D Meisjes;
John 81;Doe;john.doe81@gmail.com;Masters Mannen;Lopers zonder wedstrijdlicentie - Recreatief - Week
John 82;Doe;john.doe82@hotmail.com;Pupil B Jongens;
John 83;Doe;john.doe83@home.nl;Masters Vrouwen;Vrienden van Groene Ster - Recreatief - Week
